Issue Type,Summary,Description,Priority,Status,Component,Epic Name
Epic,Electric Motor Design - Phase 1: Requirements & Specifications,"Define all requirements and specifications for the electric motor design project. This epic covers functional requirements, performance specifications, regulatory compliance, and design constraints.",High,À faire,,
Story,Define Functional Requirements,"Identify and document core functional requirements: power output, speed range, torque characteristics, operating voltage, current specifications, efficiency targets, and operational modes.",Medium,À faire,,Electric Motor Design - Phase 1: Requirements & Specifications
Story,Establish Performance Specifications,"Define detailed performance criteria: rated power, maximum speed, continuous/peak torque, power factor, efficiency curve, thermal characteristics, and duty cycle requirements.",Medium,À faire,,Electric Motor Design - Phase 1: Requirements & Specifications
Story,Determine Environmental Requirements,"Specify environmental operating conditions: temperature range, humidity limits, altitude, vibration resistance, IP rating, and environmental protection standards.",Medium,À faire,,Electric Motor Design - Phase 1: Requirements & Specifications
Story,Define Physical Constraints,"Establish size limitations, weight restrictions, mounting requirements, shaft specifications, connection types, and mechanical interface requirements.",Medium,À faire,,Electric Motor Design - Phase 1: Requirements & Specifications
Story,Identify Regulatory & Safety Standards,"Research and document applicable standards: IEC, IEEE, NEMA, UL, CE marking requirements, safety regulations, and compliance certifications needed.",High,À faire,,Electric Motor Design - Phase 1: Requirements & Specifications
Story,Establish Cost & Manufacturing Constraints,"Define budget limitations, target manufacturing cost, production volume requirements, material constraints, and manufacturing process limitations.",Medium,À faire,,Electric Motor Design - Phase 1: Requirements & Specifications
Task,Research Industry Standards,Conduct comprehensive research on relevant industry standards for the specific motor type and application domain.,Low,À faire,,Electric Motor Design - Phase 1: Requirements & Specifications
Task,Create Requirements Traceability Matrix,"Develop a matrix linking each requirement to its source, priority, and verification method.",Low,À faire,,Electric Motor Design - Phase 1: Requirements & Specifications
Task,Review Requirements with Stakeholders,Organize review sessions with all stakeholders to validate and approve the documented requirements.,Medium,À faire,,Electric Motor Design - Phase 1: Requirements & Specifications
Task,Document Requirements Specification,Create formal requirements specification document with all gathered requirements organized and formatted.,Medium,À faire,,Electric Motor Design - Phase 1: Requirements & Specifications
